<?xml version='1.0' encoding='UTF-8'?>
<!DOCTYPE properties SYSTEM 'http://java.sun.com/dtd/properties.dtd'>
<properties>
	<entry key='type'>cm:content</entry>
	<entry key='aspects'>cm:versionable</entry>
	<entry key='cm:title'>High Court Order Document</entry>
	<entry key='cm:description'>Uploaded via HCO Bulk Tool</entry>
	<entry key='cm:author'>author</entry>
	<entry key='cm:created'>created_date</entry>
	<entry key='cm:owner'>Administrator</entry>
	<entry key="acn:RecordType">High Court Order</entry>
	<entry key='acn:HCOCaseType'>case_type</entry>
	<entry key='acn:HCOCaseNumber'>case_number</entry>
	<entry key='acn:HCOCaseDate'>case_date</entry>
	<entry key='acn:HCOCaseRecordNumber'>caseYear_caseNumber_caseType</entry>
	<entry key='acn:HCOCaseYear'>case_year</entry>
</properties>
